prr,algorithm,n_communities,modularity,jaccard,nmi,nvi
0.0,infomap,31,0.4389660819949281,0.028001572018078208,0.07042813250931935,0.5594872124902187
0.0,louvain,11,0.44879279374471676,0.0700535186516495,0.02784184380175404,0.46511772139868923
0.0,leiden,12,0.460181816809564,0.06197557530946249,0.027081242367841978,0.47744174612765633
0.02,infomap,25,0.37805227562734206,0.04053156146179402,0.08221696457687645,0.525083922593308
0.02,louvain,10,0.389801745533596,0.07621720006067041,0.020197707993927946,0.4489429473328239
0.02,leiden,13,0.4021505811111811,0.06229452920846329,0.0429908918432457,0.47520750996535005
0.04,infomap,23,0.34067987259594007,0.04525144975758152,0.09829379332442606,0.5097828404937883
0.04,louvain,12,0.3352903975942108,0.07365094798249879,0.054360155396282916,0.45483765574236235
0.04,leiden,11,0.3683008290486527,0.0837050855706059,0.07256584697292777,0.44016417046340267
0.06,infomap,1,0.0,0.19732441471571907,0.0,0.19558553578206417
0.06,louvain,10,0.309081239369487,0.088,0.07946882964130278,0.43425348021868043
0.06,leiden,10,0.330357098710494,0.08429242989139245,0.079726820231337,0.4353129975113795
0.08,infomap,1,0.0,0.19732441471571907,0.0,0.19558553578206417
0.08,louvain,10,0.3045866321902573,0.13558638490079045,0.17164072392738544,0.38367054867982037
0.08,leiden,9,0.3183726045537168,0.13797226207556193,0.20441664770614265,0.36200689027803973
0.1,infomap,1,0.0,0.19732441471571907,0.0,0.19558553578206417
0.1,louvain,7,0.32750721810615746,0.3796905718437473,0.4877718778562041,0.21639746554704758
0.1,leiden,6,0.3456554907019846,0.4382304562375552,0.5281590077836921,0.19333134364094462
0.12,infomap,5,0.39257397158676494,0.8204022988505747,0.8631194815378443,0.053509173587726576
0.12,louvain,5,0.38084919784582855,0.7242650625788299,0.7998277616893058,0.07820587108262476
0.12,leiden,5,0.39229988596684706,0.8029531568228105,0.840252318274606,0.06248327843638146
0.14,infomap,5,0.43068116951204194,0.9485909291061206,0.9607889515775947,0.015337963089155061
0.14,louvain,5,0.4306826876753476,0.9608994240141782,0.9712518380589719,0.011244863729032781
0.14,leiden,5,0.4302075025606353,0.9480633802816901,0.9607000194484813,0.015371953997984807
0.16,infomap,5,0.4587687404783566,1.0,1.0,0.0
0.16,louvain,5,0.4587687404783566,1.0,1.0,0.0
0.16,leiden,5,0.4587687404783566,1.0,1.0,0.0
0.18,infomap,5,0.482987793549346,1.0,1.0,0.0
0.18,louvain,5,0.482987793549346,1.0,1.0,0.0
0.18,leiden,5,0.482987793549346,1.0,1.0,0.0
0.2,infomap,5,0.50381806216686,1.0,1.0,0.0
0.2,louvain,5,0.50381806216686,1.0,1.0,0.0
0.2,leiden,5,0.50381806216686,1.0,1.0,0.0
0.22,infomap,5,0.5258718604044641,1.0,1.0,0.0
0.22,louvain,5,0.5258718604044641,1.0,1.0,0.0
0.22,leiden,5,0.5258718604044641,1.0,1.0,0.0
0.24,infomap,5,0.5417036226949191,1.0,1.0,0.0
0.24,louvain,5,0.5417036226949191,1.0,1.0,0.0
0.24,leiden,5,0.5417036226949191,1.0,1.0,0.0
0.26,infomap,5,0.5575677274420255,1.0,1.0,0.0
0.26,louvain,5,0.5575677274420255,1.0,1.0,0.0
0.26,leiden,5,0.5575677274420255,1.0,1.0,0.0
0.28,infomap,5,0.5713494530159705,1.0,1.0,0.0
0.28,louvain,5,0.5713494530159705,1.0,1.0,0.0
0.28,leiden,5,0.5713494530159705,1.0,1.0,0.0
0.3,infomap,5,0.5836993141554451,1.0,1.0,0.0
0.3,louvain,5,0.5836993141554451,1.0,1.0,0.0
0.3,leiden,5,0.5836993141554451,1.0,1.0,0.0
0.32,infomap,5,0.5936062502029501,1.0,1.0,0.0
0.32,louvain,5,0.5936062502029501,1.0,1.0,0.0
0.32,leiden,5,0.5936062502029501,1.0,1.0,0.0
0.34,infomap,5,0.6046403381326081,1.0,1.0,0.0
0.34,louvain,5,0.6046403381326081,1.0,1.0,0.0
0.34,leiden,5,0.6046403381326081,1.0,1.0,0.0
0.36,infomap,5,0.6131109241825148,1.0,1.0,0.0
0.36,louvain,5,0.6131109241825148,1.0,1.0,0.0
0.36,leiden,5,0.6131109241825148,1.0,1.0,0.0
0.38,infomap,5,0.620861378297332,1.0,1.0,0.0
0.38,louvain,5,0.620861378297332,1.0,1.0,0.0
0.38,leiden,5,0.620861378297332,1.0,1.0,0.0
0.4,infomap,5,0.6284152801696871,1.0,1.0,0.0
0.4,louvain,5,0.6284152801696871,1.0,1.0,0.0
0.4,leiden,5,0.6284152801696871,1.0,1.0,0.0
0.42,infomap,5,0.6354440339299297,1.0,1.0,0.0
0.42,louvain,5,0.6354440339299297,1.0,1.0,0.0
0.42,leiden,5,0.6354440339299297,1.0,1.0,0.0
0.44,infomap,5,0.6419842923059791,1.0,1.0,0.0
0.44,louvain,5,0.6419842923059791,1.0,1.0,0.0
0.44,leiden,5,0.6419842923059791,1.0,1.0,0.0
0.46,infomap,5,0.6476974235147225,1.0,1.0,0.0
0.46,louvain,5,0.6476974235147225,1.0,1.0,0.0
0.46,leiden,5,0.6476974235147225,1.0,1.0,0.0
0.48,infomap,5,0.6536741763817728,1.0,1.0,0.0
0.48,louvain,5,0.6536741763817728,1.0,1.0,0.0
0.48,leiden,5,0.6536741763817728,1.0,1.0,0.0
0.5,infomap,5,0.6585779975072513,1.0,1.0,0.0
0.5,louvain,5,0.6585779975072513,1.0,1.0,0.0
0.5,leiden,5,0.6585779975072513,1.0,1.0,0.0
0.52,infomap,5,0.6632825263851171,1.0,1.0,0.0
0.52,louvain,5,0.6632825263851171,1.0,1.0,0.0
0.52,leiden,5,0.6632825263851171,1.0,1.0,0.0
0.54,infomap,5,0.6679000557643688,1.0,1.0,0.0
0.54,louvain,5,0.6679000557643688,1.0,1.0,0.0
0.54,leiden,5,0.6679000557643688,1.0,1.0,0.0
0.56,infomap,5,0.6716514684965386,1.0,1.0,0.0
0.56,louvain,5,0.6716514684965386,1.0,1.0,0.0
0.56,leiden,5,0.6716514684965386,1.0,1.0,0.0
0.58,infomap,5,0.6752997665409739,1.0,1.0,0.0
0.58,louvain,5,0.6752997665409739,1.0,1.0,0.0
0.58,leiden,5,0.6752997665409739,1.0,1.0,0.0
0.6,infomap,5,0.6789746468237186,1.0,1.0,0.0
0.6,louvain,5,0.6789746468237186,1.0,1.0,0.0
0.6,leiden,5,0.6789746468237186,1.0,1.0,0.0
0.62,infomap,5,0.6821568647278964,1.0,1.0,0.0
0.62,louvain,5,0.6821568647278964,1.0,1.0,0.0
0.62,leiden,5,0.6821568647278964,1.0,1.0,0.0
0.64,infomap,5,0.6855902784960461,1.0,1.0,0.0
0.64,louvain,5,0.6855902784960461,1.0,1.0,0.0
0.64,leiden,5,0.6855902784960461,1.0,1.0,0.0
0.66,infomap,5,0.6885694427932836,1.0,1.0,0.0
0.66,louvain,5,0.6885694427932836,1.0,1.0,0.0
0.66,leiden,5,0.6885694427932836,1.0,1.0,0.0
0.68,infomap,5,0.6915033072939442,1.0,1.0,0.0
0.68,louvain,5,0.6915033072939442,1.0,1.0,0.0
0.68,leiden,5,0.6915033072939442,1.0,1.0,0.0
0.7,infomap,5,0.6940190245755323,1.0,1.0,0.0
0.7,louvain,5,0.6940190245755323,1.0,1.0,0.0
0.7,leiden,5,0.6940190245755323,1.0,1.0,0.0
0.72,infomap,5,0.6967120050943904,1.0,1.0,0.0
0.72,louvain,5,0.6967120050943904,1.0,1.0,0.0
0.72,leiden,5,0.6967120050943904,1.0,1.0,0.0
0.74,infomap,5,0.6992097410727584,1.0,1.0,0.0
0.74,louvain,5,0.6992097410727584,1.0,1.0,0.0
0.74,leiden,5,0.6992097410727584,1.0,1.0,0.0
0.76,infomap,5,0.7016407154282391,1.0,1.0,0.0
0.76,louvain,5,0.7016407154282391,1.0,1.0,0.0
0.76,leiden,5,0.7016407154282391,1.0,1.0,0.0
0.78,infomap,5,0.7038379684503779,1.0,1.0,0.0
0.78,louvain,5,0.7038379684503779,1.0,1.0,0.0
0.78,leiden,5,0.7038379684503779,1.0,1.0,0.0
0.8,infomap,5,0.7059326663580259,1.0,1.0,0.0
0.8,louvain,5,0.7059326663580259,1.0,1.0,0.0
0.8,leiden,5,0.7059326663580259,1.0,1.0,0.0
0.82,infomap,5,0.7081207321900661,1.0,1.0,0.0
0.82,louvain,5,0.7081207321900661,1.0,1.0,0.0
0.82,leiden,5,0.7081207321900661,1.0,1.0,0.0
0.84,infomap,5,0.7101364464224879,1.0,1.0,0.0
0.84,louvain,5,0.7101364464224879,1.0,1.0,0.0
0.84,leiden,5,0.7101364464224879,1.0,1.0,0.0
0.86,infomap,5,0.7118254150253772,1.0,1.0,0.0
0.86,louvain,5,0.7118254150253772,1.0,1.0,0.0
0.86,leiden,5,0.7118254150253772,1.0,1.0,0.0
0.88,infomap,5,0.713639477957258,1.0,1.0,0.0
0.88,louvain,5,0.713639477957258,1.0,1.0,0.0
0.88,leiden,5,0.713639477957258,1.0,1.0,0.0
0.9,infomap,5,0.7154589052488309,1.0,1.0,0.0
0.9,louvain,5,0.7154589052488309,1.0,1.0,0.0
0.9,leiden,5,0.7154589052488309,1.0,1.0,0.0
0.92,infomap,5,0.7172030309386264,1.0,1.0,0.0
0.92,louvain,5,0.7172030309386264,1.0,1.0,0.0
0.92,leiden,5,0.7172030309386264,1.0,1.0,0.0
0.94,infomap,5,0.718690009740387,1.0,1.0,0.0
0.94,louvain,5,0.718690009740387,1.0,1.0,0.0
0.94,leiden,5,0.718690009740387,1.0,1.0,0.0
0.96,infomap,5,0.7202075020518274,1.0,1.0,0.0
0.96,louvain,5,0.7202075020518274,1.0,1.0,0.0
0.96,leiden,5,0.7202075020518274,1.0,1.0,0.0
0.98,infomap,5,0.721772648877696,1.0,1.0,0.0
0.98,louvain,5,0.721772648877696,1.0,1.0,0.0
0.98,leiden,5,0.721772648877696,1.0,1.0,0.0
1.0,infomap,5,0.7239913469306815,1.0,1.0,0.0
1.0,louvain,5,0.7239913469306815,1.0,1.0,0.0
1.0,leiden,5,0.7239913469306815,1.0,1.0,0.0
